{"cameraMode":{"drawMode":0,"name":"Shaded","section":"Shading Mode"},"sceneLighting":false,"audioPlay":false,"sceneViewState":{"m_AlwaysRefresh":false,"showFog":false,"showSkybox":false,"showFlares":true,"showImageEffects":true,"showParticleSystems":true,"showVisualEffectGraphs":true,"m_FxEnabled":true},"in2DMode":false,"pivot":{"x":0.023350542411208154,"y":0.5457494258880615,"z":-0.36783891916275027},"rotation":{"x":0.023387862369418145,"y":0.026989543810486795,"z":-0.0006317419465631247,"w":0.9993636608123779},"size":0.9211777448654175,"orthographic":true}