{"cameraMode":{"drawMode":0,"name":"Shaded","section":"Shading Mode"},"sceneLighting":true,"audioPlay":false,"sceneViewState":{"m_AlwaysRefresh":false,"showFog":false,"showSkybox":true,"showFlares":true,"showImageEffects":true,"showParticleSystems":true,"showVisualEffectGraphs":true,"m_FxEnabled":true},"in2DMode":false,"pivot":{"x":-22.210216522216798,"y":10.161316871643067,"z":-23.723787307739259},"rotation":{"x":0.18177248537540437,"y":-0.5694422125816345,"z":0.1308690458536148,"w":0.7909299731254578},"size":0.7490732669830322,"orthographic":true}