{"cameraMode":{"drawMode":0,"name":"Shaded","section":"Shading Mode"},"sceneLighting":true,"audioPlay":false,"sceneViewState":{"m_AlwaysRefresh":false,"showFog":false,"showSkybox":true,"showFlares":true,"showImageEffects":true,"showParticleSystems":true,"showVisualEffectGraphs":true,"m_FxEnabled":true},"in2DMode":false,"pivot":{"x":0.00951385498046875,"y":8.272781372070313,"z":0.00212860107421875},"rotation":{"x":-0.012439166195690632,"y":0.1598021686077118,"z":0.0020134346559643747,"w":0.9870854616165161},"size":141.73031616210938,"orthographic":true}