{"cameraMode":{"drawMode":0,"name":"Shaded","section":"Shading Mode"},"sceneLighting":true,"audioPlay":false,"sceneViewState":{"m_AlwaysRefresh":false,"showFog":false,"showSkybox":true,"showFlares":true,"showImageEffects":true,"showParticleSystems":true,"showVisualEffectGraphs":true,"m_FxEnabled":true},"in2DMode":false,"pivot":{"x":-22.00984764099121,"y":10.15041446685791,"z":-23.577924728393556},"rotation":{"x":0.020198430866003038,"y":0.1390199065208435,"z":-0.002838031155988574,"w":0.9900841116905212},"size":0.29231250286102297,"orthographic":true}