{"cameraMode":{"drawMode":0,"name":"Shaded","section":"Shading Mode"},"sceneLighting":true,"audioPlay":false,"sceneViewState":{"m_AlwaysRefresh":false,"showFog":false,"showSkybox":true,"showFlares":true,"showImageEffects":true,"showParticleSystems":true,"showVisualEffectGraphs":true,"m_FxEnabled":true},"in2DMode":false,"pivot":{"x":-22.210216522216798,"y":10.160600662231446,"z":-23.948787689208986},"rotation":{"x":0.06868698447942734,"y":-0.6942856907844544,"z":0.06685707718133927,"w":0.7132895588874817},"size":0.40733298659324648,"orthographic":false}