{"cameraMode":{"drawMode":0,"name":"Shaded","section":"Shading Mode"},"sceneLighting":true,"audioPlay":false,"sceneViewState":{"m_AlwaysRefresh":false,"showFog":false,"showSkybox":true,"showFlares":true,"showImageEffects":true,"showParticleSystems":true,"showVisualEffectGraphs":true,"m_FxEnabled":true},"in2DMode":false,"pivot":{"x":-2.1924448013305666,"y":2.814866065979004,"z":14.95093059539795},"rotation":{"x":0.02637059986591339,"y":0.04347224533557892,"z":-0.0011557041434571148,"w":0.9987236857414246},"size":5.626123905181885,"orthographic":false}