{"cameraMode":{"drawMode":0,"name":"Shaded","section":"Shading Mode"},"sceneLighting":true,"audioPlay":false,"sceneViewState":{"m_AlwaysRefresh":false,"showFog":false,"showSkybox":true,"showFlares":true,"showImageEffects":true,"showParticleSystems":true,"showVisualEffectGraphs":true,"m_FxEnabled":true},"in2DMode":false,"pivot":{"x":586.4385375976563,"y":215.17007446289063,"z":8.8265380859375},"rotation":{"x":0.05337056145071983,"y":-0.008986982516944409,"z":0.0004793207917828113,"w":0.9985380172729492},"size":253.58718872070313,"orthographic":true}